distribution,mutual_information
gamma,0.8462314564142094
lognormal,0.8412877904346336
normal,0.8202172764274626
