distribution,mutual_information
lognormal,0.8229744787406446
gamma,0.8072306482598711
normal,0.7955883368808125
