distribution,mutual_information
normal,0.8245279726883479
gamma,0.4355847141303695
lognormal,0.4129587424229975
